date_placed,ingredients
2/21/2019 2:00,2
2/21/2019 13:00,2
2/21/2019 13:00,2
2/21/2019 13:00,5
2/21/2019 13:00,2
2/21/2019 13:00,2
2/21/2019 13:00,2
2/21/2019 13:00,2
2/21/2019 13:00,3
2/21/2019 13:00,2
2/21/2019 13:00,2
2/21/2019 13:00,3
2/21/2019 14:00,2
2/21/2019 14:00,3
2/21/2019 14:00,4
2/21/2019 14:00,2
2/21/2019 14:00,2
2/21/2019 14:00,2
2/21/2019 14:00,3
2/21/2019 14:00,2
2/21/2019 14:00,2
2/21/2019 15:00,2
2/21/2019 15:00,2
2/21/2019 15:00,2
2/21/2019 15:00,5
2/21/2019 15:00,2
2/21/2019 16:00,2
2/21/2019 16:00,4
2/21/2019 16:00,2
2/21/2019 16:00,3
2/21/2019 17:00,2
2/21/2019 18:00,3
2/21/2019 19:00,2
2/21/2019 19:00,3
2/21/2019 19:00,4
2/21/2019 19:00,2
2/21/2019 19:00,6
2/21/2019 19:00,4
2/21/2019 19:00,5
2/21/2019 19:00,5
2/21/2019 19:00,4
2/21/2019 19:00,1
2/21/2019 19:00,4
2/21/2019 19:00,3
2/21/2019 19:00,2
2/21/2019 19:00,3
2/21/2019 20:00,11
2/21/2019 20:00,9
2/21/2019 20:00,7
2/21/2019 20:00,3
2/21/2019 20:00,3
2/21/2019 20:00,2
2/21/2019 20:00,5
2/21/2019 20:00,4
2/21/2019 20:00,6
2/21/2019 20:00,2
2/21/2019 20:00,2
2/21/2019 20:00,2
2/21/2019 20:00,3
2/21/2019 20:00,2
2/21/2019 20:00,2
2/21/2019 20:00,4
2/21/2019 20:00,2
2/21/2019 20:00,2
2/21/2019 20:00,2
2/21/2019 20:00,4
2/21/2019 20:00,2
2/21/2019 20:00,4
2/21/2019 20:00,12
2/21/2019 20:00,2
2/21/2019 20:00,2
2/21/2019 21:00,2
2/21/2019 21:00,4
2/21/2019 21:00,2
2/21/2019 21:00,3
2/21/2019 21:00,6
2/21/2019 21:00,7
2/21/2019 21:00,2
2/21/2019 21:00,6
2/21/2019 21:00,6
2/21/2019 21:00,3
2/21/2019 21:00,4
2/21/2019 21:00,3
2/21/2019 21:00,4
2/21/2019 21:00,3
2/21/2019 21:00,2
2/21/2019 21:00,4
2/21/2019 21:00,2
2/21/2019 21:00,5
2/21/2019 21:00,3
2/21/2019 22:00,2
2/21/2019 22:00,5
2/21/2019 22:00,2
2/21/2019 22:00,3
2/21/2019 22:00,2
2/21/2019 22:00,2
2/21/2019 23:00,6
2/21/2019 23:00,2
2/21/2019 23:00,8
2/21/2019 23:00,8
2/21/2019 23:00,3
2/21/2019 23:00,2
2/21/2019 23:00,2
2/22/2019 0:00,2
2/22/2019 0:00,2
2/22/2019 13:00,2
2/22/2019 13:00,1
2/22/2019 14:00,2
2/22/2019 14:00,2
2/22/2019 14:00,2
2/22/2019 15:00,3
2/22/2019 15:00,2
2/22/2019 17:00,1
2/22/2019 19:00,5
2/22/2019 19:00,3
2/22/2019 19:00,2
2/22/2019 19:00,2
2/22/2019 19:00,2
2/22/2019 19:00,3
2/22/2019 19:00,2
2/22/2019 19:00,2
2/22/2019 19:00,4
2/22/2019 19:00,2
2/22/2019 19:00,4
2/22/2019 19:00,2
2/22/2019 19:00,6
2/22/2019 19:00,2
2/22/2019 20:00,5
2/22/2019 20:00,4
2/22/2019 20:00,4
2/22/2019 20:00,4
2/22/2019 20:00,5
2/22/2019 20:00,2
2/22/2019 20:00,3
2/22/2019 20:00,6
2/22/2019 20:00,4
2/22/2019 20:00,4
2/22/2019 20:00,3
2/22/2019 20:00,8
2/22/2019 20:00,5
2/22/2019 20:00,2
2/22/2019 20:00,3
2/22/2019 20:00,4
2/22/2019 20:00,4
2/22/2019 20:00,3
2/22/2019 20:00,3
2/22/2019 20:00,2
2/22/2019 20:00,2
2/22/2019 20:00,2
2/22/2019 20:00,2
2/22/2019 20:00,3
2/22/2019 20:00,2
2/22/2019 21:00,3
2/22/2019 21:00,4
2/22/2019 21:00,2
2/22/2019 21:00,5
2/22/2019 21:00,2
2/22/2019 21:00,4
2/22/2019 21:00,4
2/22/2019 21:00,4
2/22/2019 21:00,7
2/22/2019 21:00,4
2/22/2019 21:00,2
2/22/2019 21:00,3
2/22/2019 21:00,4
2/22/2019 21:00,10
2/22/2019 21:00,3
2/22/2019 21:00,2
2/22/2019 21:00,2
2/22/2019 21:00,4
2/22/2019 21:00,2
2/22/2019 21:00,2
2/22/2019 21:00,2
2/22/2019 21:00,4
2/22/2019 21:00,2
2/22/2019 21:00,2
2/22/2019 21:00,5
2/22/2019 21:00,4
2/22/2019 21:00,2
2/22/2019 21:00,2
2/22/2019 21:00,2
2/22/2019 21:00,4
2/22/2019 22:00,2
2/22/2019 22:00,2
2/22/2019 22:00,2
2/22/2019 22:00,2
2/22/2019 22:00,2
2/22/2019 22:00,2
2/22/2019 22:00,2
2/22/2019 22:00,2
2/22/2019 22:00,3
2/22/2019 22:00,2
2/22/2019 22:00,8
2/22/2019 22:00,2
2/22/2019 22:00,2
2/22/2019 22:00,1
2/22/2019 23:00,4
2/22/2019 23:00,3
2/22/2019 23:00,2
2/22/2019 23:00,6
2/22/2019 23:00,2
2/22/2019 23:00,2
2/22/2019 23:00,4
2/22/2019 23:00,2
2/22/2019 23:00,2
2/22/2019 23:00,3
2/22/2019 23:00,2
2/22/2019 23:00,2
2/23/2019 0:00,2
2/23/2019 0:00,1
2/23/2019 1:00,2
2/23/2019 13:00,2
2/23/2019 13:00,2
2/23/2019 13:00,4
2/23/2019 13:00,5
2/23/2019 13:00,2
2/23/2019 13:00,2
2/23/2019 13:00,2
2/23/2019 13:00,3
2/23/2019 13:00,6
2/23/2019 13:00,6
2/23/2019 13:00,2
2/23/2019 13:00,2
2/23/2019 13:00,2
2/23/2019 14:00,1
2/23/2019 14:00,4
2/23/2019 14:00,2
2/23/2019 14:00,2
2/23/2019 14:00,2
2/23/2019 14:00,2
2/23/2019 14:00,2
2/23/2019 14:00,17
2/23/2019 14:00,4
2/23/2019 15:00,9
2/23/2019 15:00,2
2/23/2019 15:00,2
2/23/2019 15:00,4
2/23/2019 15:00,3
2/23/2019 15:00,4
2/23/2019 16:00,2
2/23/2019 16:00,3
2/23/2019 16:00,2
2/23/2019 16:00,2
2/23/2019 17:00,2
2/23/2019 18:00,2
2/23/2019 18:00,2
2/23/2019 18:00,2
2/23/2019 18:00,2
2/23/2019 18:00,2
2/23/2019 19:00,8
2/23/2019 19:00,6
2/23/2019 19:00,3
2/23/2019 19:00,38
2/23/2019 19:00,5
2/23/2019 19:00,3
2/23/2019 19:00,2
2/23/2019 19:00,4
2/23/2019 19:00,5
2/23/2019 19:00,6
2/23/2019 19:00,2
2/23/2019 19:00,2
2/23/2019 19:00,3
2/23/2019 19:00,4
2/23/2019 19:00,4
2/23/2019 19:00,2
2/23/2019 19:00,3
2/23/2019 19:00,3
2/23/2019 19:00,3
2/23/2019 19:00,2
2/23/2019 20:00,6
2/23/2019 20:00,8
2/23/2019 20:00,5
2/23/2019 20:00,4
2/23/2019 20:00,6
2/23/2019 20:00,4
2/23/2019 20:00,2
2/23/2019 20:00,3
2/23/2019 20:00,3
2/23/2019 20:00,3
2/23/2019 20:00,6
2/23/2019 20:00,2
2/23/2019 20:00,5
2/23/2019 20:00,3
2/23/2019 20:00,2
2/23/2019 20:00,2
2/23/2019 20:00,4
2/23/2019 20:00,3
2/23/2019 20:00,2
2/23/2019 20:00,3
2/23/2019 20:00,3
2/23/2019 20:00,4
2/23/2019 20:00,7
2/23/2019 20:00,2
2/23/2019 20:00,2
2/23/2019 20:00,2
2/23/2019 20:00,2
2/23/2019 20:00,3
2/23/2019 20:00,2
2/23/2019 20:00,3
2/23/2019 20:00,2
2/23/2019 20:00,2
2/23/2019 20:00,2
2/23/2019 20:00,2
2/23/2019 20:00,2
2/23/2019 21:00,4
2/23/2019 21:00,2
2/23/2019 21:00,2
2/23/2019 21:00,2
2/23/2019 21:00,2
2/23/2019 21:00,2
2/23/2019 21:00,1
2/23/2019 21:00,6
2/23/2019 21:00,5
2/23/2019 21:00,4
2/23/2019 21:00,3
2/23/2019 21:00,2
2/23/2019 21:00,2
2/23/2019 21:00,3
2/23/2019 21:00,9
2/23/2019 21:00,3
2/23/2019 21:00,2
2/23/2019 21:00,2
2/23/2019 21:00,7
2/23/2019 22:00,2
2/23/2019 22:00,2
2/23/2019 22:00,3
2/23/2019 22:00,3
2/23/2019 22:00,4
2/23/2019 22:00,2
2/23/2019 22:00,2
2/23/2019 22:00,2
2/23/2019 22:00,3
2/23/2019 22:00,2
2/23/2019 22:00,2
2/23/2019 22:00,3
2/23/2019 22:00,6
2/23/2019 22:00,4
2/23/2019 22:00,4
2/23/2019 22:00,2
2/23/2019 22:00,2
2/23/2019 22:00,2
2/23/2019 22:00,2
2/23/2019 22:00,2
2/23/2019 22:00,2
2/23/2019 22:00,9
2/23/2019 23:00,4
2/23/2019 23:00,1
2/24/2019 0:00,34
2/24/2019 0:00,8
2/24/2019 0:00,4
2/24/2019 0:00,5
2/24/2019 0:00,1
2/24/2019 0:00,3
2/24/2019 13:00,6
2/24/2019 13:00,2
2/24/2019 13:00,2
2/24/2019 13:00,2
2/24/2019 13:00,4
2/24/2019 13:00,2
2/24/2019 13:00,2
2/24/2019 13:00,4
2/24/2019 14:00,2
2/24/2019 14:00,2
2/24/2019 14:00,3
2/24/2019 14:00,3
2/24/2019 14:00,3
2/24/2019 14:00,2
2/24/2019 14:00,2
2/24/2019 15:00,2
2/24/2019 15:00,2
2/24/2019 15:00,2
2/24/2019 15:00,2
2/24/2019 15:00,3
2/24/2019 15:00,4
2/24/2019 15:00,3
2/24/2019 16:00,2
2/24/2019 16:00,2
2/24/2019 16:00,2
2/24/2019 16:00,4
2/24/2019 17:00,2
2/24/2019 17:00,1
2/24/2019 17:00,1
2/24/2019 17:00,2
2/24/2019 17:00,3
2/24/2019 17:00,2
2/24/2019 17:00,2
2/24/2019 17:00,13
2/24/2019 18:00,2
2/24/2019 18:00,4
2/24/2019 18:00,2
2/24/2019 18:00,4
2/24/2019 18:00,3
2/24/2019 18:00,3
2/24/2019 18:00,3
2/24/2019 18:00,3
2/24/2019 18:00,5
2/24/2019 18:00,3
2/24/2019 18:00,4
2/24/2019 19:00,5
2/24/2019 19:00,2
2/24/2019 19:00,3
2/24/2019 19:00,2
2/24/2019 19:00,2
2/24/2019 19:00,8
2/24/2019 19:00,2
2/24/2019 19:00,2
2/24/2019 19:00,2
2/24/2019 19:00,4
2/24/2019 19:00,5
2/24/2019 19:00,2
2/24/2019 19:00,2
2/24/2019 19:00,3
2/24/2019 19:00,2
2/24/2019 19:00,2
2/24/2019 19:00,4
2/24/2019 19:00,2
2/24/2019 19:00,4
2/24/2019 19:00,2
2/24/2019 19:00,3
2/24/2019 19:00,2
2/24/2019 20:00,17
2/24/2019 20:00,3
2/24/2019 20:00,2
2/24/2019 20:00,2
2/24/2019 20:00,3
2/24/2019 20:00,2
2/24/2019 20:00,3
2/24/2019 20:00,2
2/24/2019 20:00,4
2/24/2019 20:00,4
2/24/2019 20:00,5
2/24/2019 20:00,2
2/24/2019 20:00,2
2/24/2019 20:00,4
2/24/2019 20:00,2
2/24/2019 20:00,2
2/24/2019 20:00,2
2/24/2019 20:00,2
2/24/2019 20:00,4
2/24/2019 20:00,3
2/24/2019 20:00,5
2/24/2019 20:00,2
2/24/2019 21:00,10
2/24/2019 21:00,4
2/24/2019 21:00,8
2/24/2019 21:00,2
2/24/2019 21:00,3
2/24/2019 21:00,3
2/24/2019 21:00,5
2/24/2019 21:00,4
2/24/2019 21:00,4
2/24/2019 21:00,2
2/24/2019 21:00,2
2/24/2019 21:00,2
2/24/2019 21:00,4
2/24/2019 21:00,2
2/24/2019 21:00,2
2/24/2019 21:00,3
2/24/2019 21:00,3
2/24/2019 21:00,2
2/24/2019 21:00,2
2/24/2019 21:00,3
2/24/2019 21:00,2
2/24/2019 21:00,2
2/24/2019 21:00,2
2/24/2019 21:00,2
2/24/2019 21:00,2
2/24/2019 21:00,2
2/24/2019 21:00,3
2/24/2019 21:00,2
2/24/2019 21:00,4
2/24/2019 21:00,6
2/24/2019 21:00,2
2/24/2019 21:00,2
2/24/2019 22:00,2
2/24/2019 22:00,3
2/24/2019 22:00,6
2/24/2019 22:00,3
2/24/2019 22:00,2
2/24/2019 22:00,2
2/24/2019 22:00,2
2/24/2019 23:00,3
2/24/2019 23:00,2
2/24/2019 23:00,2
2/24/2019 23:00,5
2/25/2019 0:00,32
2/25/2019 0:00,2
2/25/2019 0:00,3
2/25/2019 0:00,1
2/25/2019 13:00,3
2/25/2019 13:00,5
2/25/2019 13:00,3
2/25/2019 13:00,3
2/25/2019 13:00,2
2/25/2019 13:00,2
2/25/2019 14:00,2
2/25/2019 14:00,3
2/25/2019 14:00,6
2/25/2019 14:00,2
2/25/2019 14:00,2
2/25/2019 14:00,2
2/25/2019 14:00,4
2/25/2019 14:00,2
2/25/2019 15:00,2
2/25/2019 15:00,2
2/25/2019 15:00,2
2/25/2019 15:00,2
2/25/2019 15:00,3
2/25/2019 15:00,2
2/25/2019 15:00,3
2/25/2019 15:00,2
2/25/2019 16:00,2
2/25/2019 17:00,2
2/25/2019 19:00,19
2/25/2019 19:00,5
2/25/2019 19:00,5
2/25/2019 19:00,6
2/25/2019 19:00,2
2/25/2019 19:00,2
2/25/2019 19:00,3
2/25/2019 19:00,2
2/25/2019 20:00,3
2/25/2019 20:00,2
2/25/2019 20:00,5
2/25/2019 20:00,3
2/25/2019 20:00,2
2/25/2019 20:00,5
2/25/2019 20:00,4
2/25/2019 20:00,3
2/25/2019 20:00,2
2/25/2019 20:00,5
2/25/2019 20:00,6
2/25/2019 20:00,4
2/25/2019 20:00,4
2/25/2019 20:00,2
2/25/2019 20:00,4
2/25/2019 20:00,5
2/25/2019 20:00,2
2/25/2019 20:00,2
2/25/2019 20:00,2
2/25/2019 20:00,3
2/25/2019 20:00,2
2/25/2019 20:00,4
2/25/2019 21:00,2
2/25/2019 21:00,2
2/25/2019 21:00,2
2/25/2019 21:00,2
2/25/2019 21:00,2
2/25/2019 21:00,3
2/25/2019 21:00,2
2/25/2019 21:00,2
2/25/2019 21:00,4
2/25/2019 21:00,2
2/25/2019 21:00,4
2/25/2019 22:00,2
2/25/2019 22:00,12
2/25/2019 22:00,4
2/25/2019 22:00,6
2/25/2019 22:00,3
2/25/2019 22:00,2
2/25/2019 22:00,6
2/25/2019 22:00,2
2/25/2019 23:00,2
2/26/2019 0:00,2
2/26/2019 0:00,2
2/26/2019 0:00,2
2/26/2019 0:00,1
2/26/2019 13:00,2
2/26/2019 13:00,4
2/26/2019 13:00,3
2/26/2019 13:00,2
2/26/2019 13:00,2
2/26/2019 14:00,5
2/26/2019 14:00,2
2/26/2019 14:00,2
2/26/2019 14:00,2
2/26/2019 14:00,9
2/26/2019 15:00,2
2/26/2019 15:00,2
2/26/2019 16:00,2
2/26/2019 19:00,2
2/26/2019 19:00,4
2/26/2019 19:00,16
2/26/2019 19:00,2
2/26/2019 19:00,9
2/26/2019 19:00,5
2/26/2019 19:00,3
2/26/2019 19:00,8
2/26/2019 19:00,9
2/26/2019 19:00,2
2/26/2019 19:00,11
2/26/2019 19:00,4
2/26/2019 19:00,2
2/26/2019 19:00,2
2/26/2019 19:00,2
2/26/2019 19:00,2
2/26/2019 19:00,3
2/26/2019 19:00,2
2/26/2019 19:00,10
2/26/2019 20:00,6
2/26/2019 20:00,4
2/26/2019 20:00,2
2/26/2019 20:00,3
2/26/2019 20:00,6
2/26/2019 20:00,7
2/26/2019 20:00,6
2/26/2019 20:00,3
2/26/2019 20:00,2
2/26/2019 20:00,2
2/26/2019 20:00,7
2/26/2019 20:00,2
2/26/2019 20:00,2
2/26/2019 20:00,3
2/26/2019 20:00,2
2/26/2019 20:00,2
2/26/2019 20:00,2
2/26/2019 20:00,3
2/26/2019 20:00,2
2/26/2019 20:00,4
2/26/2019 20:00,4
2/26/2019 20:00,7
2/26/2019 20:00,2
2/26/2019 20:00,3
2/26/2019 20:00,1
2/26/2019 20:00,2
2/26/2019 20:00,2
2/26/2019 20:00,3
2/26/2019 20:00,2
2/26/2019 20:00,3
2/26/2019 20:00,3
2/26/2019 20:00,2
2/26/2019 20:00,2
2/26/2019 20:00,2
2/26/2019 20:00,2
2/26/2019 21:00,7
2/26/2019 21:00,2
2/26/2019 21:00,3
2/26/2019 21:00,8
2/26/2019 21:00,2
2/26/2019 21:00,2
2/26/2019 21:00,3
2/26/2019 21:00,2
2/26/2019 21:00,2
2/26/2019 21:00,2
2/26/2019 21:00,2
2/26/2019 21:00,5
2/26/2019 21:00,7
2/26/2019 21:00,2
2/26/2019 21:00,2
2/26/2019 21:00,6
2/26/2019 21:00,2
2/26/2019 21:00,2
2/26/2019 21:00,3
2/26/2019 21:00,3
2/26/2019 21:00,2
2/26/2019 21:00,2
2/26/2019 21:00,2
2/26/2019 21:00,2
2/26/2019 21:00,2
2/26/2019 21:00,4
2/26/2019 21:00,2
2/26/2019 21:00,2
2/26/2019 22:00,2
2/26/2019 22:00,2
2/26/2019 22:00,4
2/26/2019 22:00,8
2/26/2019 22:00,2
2/26/2019 22:00,8
2/26/2019 22:00,4
2/26/2019 22:00,3
2/26/2019 22:00,2
2/26/2019 22:00,2
2/26/2019 22:00,2
2/26/2019 22:00,2
2/26/2019 22:00,2
2/26/2019 22:00,2
2/26/2019 23:00,11
2/26/2019 23:00,2
2/26/2019 23:00,2
2/26/2019 23:00,2
2/26/2019 23:00,2
2/26/2019 23:00,2
2/26/2019 23:00,3
2/26/2019 23:00,4
2/27/2019 0:00,3
2/27/2019 0:00,4
2/27/2019 0:00,2
2/27/2019 0:00,3
2/27/2019 0:00,3
2/27/2019 1:00,3
2/27/2019 13:00,5
2/27/2019 13:00,4
2/27/2019 13:00,2
2/27/2019 13:00,2
2/27/2019 13:00,2
2/27/2019 13:00,3
2/27/2019 13:00,2
2/27/2019 13:00,3
2/27/2019 13:00,2
2/27/2019 13:00,2
2/27/2019 13:00,3
2/27/2019 14:00,2
2/27/2019 14:00,7
2/27/2019 14:00,2
2/27/2019 14:00,2
2/27/2019 14:00,3
2/27/2019 14:00,2
2/27/2019 14:00,4
2/27/2019 14:00,2
2/27/2019 15:00,3
2/27/2019 18:00,2
2/27/2019 19:00,13
2/27/2019 19:00,9
2/27/2019 19:00,7
2/27/2019 19:00,4
2/27/2019 19:00,4
2/27/2019 19:00,4
2/27/2019 19:00,2
2/27/2019 19:00,3
2/27/2019 19:00,4
2/27/2019 19:00,4
2/27/2019 19:00,2
2/27/2019 19:00,2
2/27/2019 19:00,2
2/27/2019 19:00,4
2/27/2019 19:00,4
2/27/2019 19:00,2
2/27/2019 19:00,3
2/27/2019 19:00,15
2/27/2019 19:00,2
2/27/2019 19:00,2
2/27/2019 19:00,3
2/27/2019 20:00,3
2/27/2019 20:00,3
2/27/2019 20:00,4
2/27/2019 20:00,21
2/27/2019 20:00,2
2/27/2019 20:00,3
2/27/2019 20:00,2
2/27/2019 20:00,3
2/27/2019 20:00,2
2/27/2019 20:00,2
2/27/2019 20:00,5
2/27/2019 20:00,2
2/27/2019 20:00,2
2/27/2019 20:00,2
2/27/2019 20:00,2
2/27/2019 20:00,7
2/27/2019 20:00,6
2/27/2019 20:00,2
2/27/2019 20:00,5
2/27/2019 20:00,9
2/27/2019 20:00,2
2/27/2019 20:00,2
2/27/2019 20:00,4
2/27/2019 20:00,2
2/27/2019 20:00,3
2/27/2019 20:00,3
2/27/2019 20:00,4
2/27/2019 20:00,2
2/27/2019 20:00,7
2/27/2019 20:00,8
2/27/2019 20:00,2
2/27/2019 20:00,2
2/27/2019 20:00,7
2/27/2019 20:00,2
2/27/2019 20:00,2
2/27/2019 20:00,4
2/27/2019 20:00,2
2/27/2019 20:00,3
2/27/2019 20:00,4
2/27/2019 20:00,2
2/27/2019 20:00,4
2/27/2019 20:00,2
2/27/2019 20:00,4
2/27/2019 20:00,3
2/27/2019 20:00,3
2/27/2019 20:00,3
2/27/2019 20:00,2
2/27/2019 20:00,2
2/27/2019 21:00,4
2/27/2019 21:00,4
2/27/2019 21:00,4
2/27/2019 21:00,6
2/27/2019 21:00,2
2/27/2019 21:00,2
2/27/2019 21:00,2
2/27/2019 21:00,6
2/27/2019 21:00,8
2/27/2019 21:00,4
2/27/2019 21:00,4
2/27/2019 21:00,7
2/27/2019 21:00,2
2/27/2019 21:00,2
2/27/2019 21:00,2
2/27/2019 21:00,3
2/27/2019 21:00,3
2/27/2019 21:00,2
2/27/2019 21:00,6
2/27/2019 21:00,2
2/27/2019 21:00,9
2/27/2019 21:00,2
2/27/2019 22:00,4
2/27/2019 22:00,2
2/27/2019 22:00,4
2/27/2019 22:00,3
2/27/2019 22:00,6
2/27/2019 22:00,2
2/27/2019 22:00,4
2/27/2019 22:00,2
2/27/2019 22:00,2
2/27/2019 22:00,3
2/27/2019 22:00,10
2/27/2019 22:00,4
2/27/2019 22:00,2
2/27/2019 22:00,2
2/27/2019 23:00,40
2/27/2019 23:00,5
2/27/2019 23:00,2
2/27/2019 23:00,5
2/27/2019 23:00,6
2/27/2019 23:00,2
2/27/2019 23:00,2
2/27/2019 23:00,5
2/27/2019 23:00,2
2/27/2019 23:00,3
2/27/2019 23:00,1
2/28/2019 0:00,2
2/28/2019 0:00,4
2/28/2019 0:00,2
2/28/2019 1:00,5
2/28/2019 4:00,4
2/28/2019 12:00,3
2/28/2019 12:00,3
2/28/2019 12:00,2
2/28/2019 12:00,6
2/28/2019 12:00,2
2/28/2019 13:00,3
2/28/2019 13:00,2
2/28/2019 13:00,11
2/28/2019 13:00,2
2/28/2019 13:00,3
2/28/2019 13:00,2
2/28/2019 13:00,2
2/28/2019 13:00,4
2/28/2019 13:00,2
2/28/2019 13:00,1
2/28/2019 14:00,6
2/28/2019 14:00,2
2/28/2019 14:00,2
2/28/2019 14:00,2
2/28/2019 14:00,2
2/28/2019 14:00,2
2/28/2019 14:00,1
2/28/2019 14:00,2
2/28/2019 15:00,7
2/28/2019 16:00,2
2/28/2019 18:00,2
2/28/2019 18:00,4
2/28/2019 19:00,13
2/28/2019 19:00,4
2/28/2019 19:00,11
2/28/2019 19:00,10
2/28/2019 19:00,2
2/28/2019 19:00,9
2/28/2019 19:00,3
2/28/2019 19:00,4
2/28/2019 19:00,3
2/28/2019 19:00,2
2/28/2019 19:00,3
2/28/2019 19:00,4
2/28/2019 19:00,2
2/28/2019 20:00,8
2/28/2019 20:00,5
2/28/2019 20:00,2
2/28/2019 20:00,4
2/28/2019 20:00,5
2/28/2019 20:00,6
2/28/2019 20:00,2
2/28/2019 20:00,3
2/28/2019 20:00,5
2/28/2019 20:00,3
2/28/2019 20:00,5
2/28/2019 20:00,5
2/28/2019 20:00,2
2/28/2019 20:00,2
2/28/2019 20:00,3
2/28/2019 20:00,4
2/28/2019 20:00,8
2/28/2019 20:00,2
2/28/2019 20:00,4
2/28/2019 20:00,3
2/28/2019 21:00,4
2/28/2019 21:00,3
2/28/2019 21:00,3
2/28/2019 21:00,4
2/28/2019 21:00,2
2/28/2019 21:00,4
2/28/2019 21:00,4
2/28/2019 21:00,2
2/28/2019 21:00,2
2/28/2019 22:00,8
2/28/2019 22:00,2
2/28/2019 22:00,2
2/28/2019 22:00,2
2/28/2019 22:00,3
2/28/2019 22:00,5
2/28/2019 22:00,2
2/28/2019 22:00,7
2/28/2019 22:00,3
2/28/2019 22:00,4
2/28/2019 22:00,2
2/28/2019 22:00,2
2/28/2019 23:00,2
2/28/2019 23:00,7
2/28/2019 23:00,2
3/1/2019 13:00,1
3/1/2019 13:00,2
3/1/2019 13:00,4
3/1/2019 14:00,2
3/1/2019 14:00,3
3/1/2019 14:00,2
3/1/2019 15:00,4
3/1/2019 15:00,2
3/1/2019 16:00,1
3/1/2019 19:00,23
3/1/2019 20:00,3
3/1/2019 20:00,4
3/1/2019 20:00,5
3/1/2019 20:00,4
3/1/2019 20:00,11
3/1/2019 20:00,2
3/1/2019 20:00,2
3/1/2019 20:00,7
3/1/2019 20:00,2
3/1/2019 21:00,4
3/1/2019 21:00,5
3/1/2019 21:00,5
3/1/2019 21:00,2
3/1/2019 21:00,2
3/1/2019 21:00,5
3/1/2019 21:00,1
3/1/2019 22:00,6
3/1/2019 22:00,4
3/1/2019 22:00,8
3/1/2019 22:00,5
3/1/2019 22:00,4
3/1/2019 22:00,4
3/1/2019 22:00,2
3/1/2019 22:00,7
3/1/2019 22:00,2
3/1/2019 22:00,6
3/1/2019 22:00,6
3/1/2019 23:00,8
3/1/2019 23:00,8
3/1/2019 23:00,2
3/2/2019 0:00,5
3/2/2019 0:00,4
3/2/2019 0:00,2
3/2/2019 0:00,11
3/2/2019 2:00,1
3/2/2019 2:00,2
3/2/2019 14:00,3
3/2/2019 17:00,1
3/2/2019 18:00,2
3/2/2019 19:00,5
3/2/2019 19:00,2
3/2/2019 20:00,2
3/2/2019 20:00,3
3/2/2019 20:00,4
3/2/2019 20:00,3
3/2/2019 20:00,3
3/2/2019 20:00,2
3/2/2019 20:00,3
3/2/2019 20:00,2
3/2/2019 20:00,2
3/2/2019 20:00,3
3/2/2019 21:00,5
3/2/2019 21:00,3
3/2/2019 21:00,2
3/2/2019 21:00,2
3/2/2019 21:00,1
3/2/2019 21:00,2
3/2/2019 22:00,6
3/2/2019 22:00,4
3/2/2019 22:00,6
3/2/2019 22:00,3
3/2/2019 22:00,2
3/2/2019 22:00,2
3/2/2019 22:00,2
3/2/2019 22:00,9
3/2/2019 22:00,2
3/2/2019 22:00,2
3/2/2019 23:00,7
3/2/2019 23:00,2
3/2/2019 23:00,2
3/2/2019 23:00,12
3/2/2019 23:00,2
3/2/2019 23:00,1
3/3/2019 0:00,2
3/3/2019 0:00,3
3/3/2019 0:00,2
3/3/2019 13:00,4
3/3/2019 14:00,5
3/3/2019 14:00,2
3/3/2019 14:00,2
3/3/2019 15:00,1
3/3/2019 19:00,3
3/3/2019 19:00,21
3/3/2019 19:00,8
3/3/2019 19:00,10
3/3/2019 19:00,2
3/3/2019 20:00,3
3/3/2019 20:00,10
3/3/2019 20:00,8
3/3/2019 20:00,4
3/3/2019 20:00,8
3/3/2019 20:00,3
3/3/2019 20:00,2
3/3/2019 20:00,2
3/3/2019 20:00,3
3/3/2019 20:00,2
3/3/2019 20:00,2
3/3/2019 20:00,8
3/3/2019 20:00,2
3/3/2019 20:00,5
3/3/2019 21:00,4
3/3/2019 21:00,19
3/3/2019 21:00,2
3/3/2019 21:00,8
3/3/2019 21:00,9
3/3/2019 21:00,4
3/3/2019 21:00,6
3/3/2019 21:00,3
3/3/2019 21:00,3
3/3/2019 21:00,2
3/3/2019 21:00,2
3/3/2019 21:00,3
3/3/2019 22:00,4
3/3/2019 22:00,8
3/3/2019 22:00,6
3/3/2019 22:00,5
3/3/2019 22:00,2
3/3/2019 22:00,3
3/3/2019 22:00,2
3/3/2019 22:00,9
3/3/2019 23:00,2
3/3/2019 23:00,2
3/4/2019 0:00,8
3/4/2019 0:00,6
3/4/2019 0:00,8
3/4/2019 0:00,2
3/4/2019 5:00,12
3/4/2019 13:00,6
3/4/2019 19:00,25
3/4/2019 19:00,4
3/4/2019 19:00,6
3/4/2019 19:00,4
3/4/2019 19:00,12
3/4/2019 20:00,4
3/4/2019 20:00,7
3/4/2019 20:00,7
3/4/2019 20:00,20
3/4/2019 20:00,9
3/4/2019 20:00,16
3/4/2019 20:00,4
3/4/2019 20:00,5
3/4/2019 20:00,2
3/4/2019 20:00,8
3/4/2019 20:00,2
3/4/2019 20:00,1
3/4/2019 20:00,2
3/4/2019 20:00,2
3/4/2019 20:00,5
3/4/2019 20:00,1
3/4/2019 20:00,5
3/4/2019 21:00,6
3/4/2019 21:00,2
3/4/2019 21:00,2
3/4/2019 21:00,2
3/4/2019 21:00,4
3/4/2019 21:00,10
3/4/2019 21:00,3
3/4/2019 21:00,3
3/4/2019 21:00,5
3/4/2019 21:00,2
3/4/2019 21:00,4
3/4/2019 21:00,2
3/4/2019 21:00,4
3/4/2019 21:00,2
3/4/2019 21:00,2
3/4/2019 22:00,9
3/4/2019 22:00,5
3/4/2019 22:00,2
3/4/2019 22:00,3
3/4/2019 22:00,2
3/4/2019 23:00,4
3/4/2019 23:00,6
3/4/2019 23:00,2
3/4/2019 23:00,6
3/4/2019 23:00,2
3/4/2019 23:00,2
3/4/2019 23:00,1
3/5/2019 0:00,1
3/5/2019 1:00,2
3/5/2019 15:00,2
3/5/2019 19:00,23
3/5/2019 19:00,6
3/5/2019 19:00,4
3/5/2019 19:00,2
3/5/2019 19:00,7
3/5/2019 19:00,7
3/5/2019 19:00,2
3/5/2019 19:00,2
3/5/2019 19:00,3
3/5/2019 19:00,4
3/5/2019 20:00,4
3/5/2019 20:00,5
3/5/2019 20:00,13
3/5/2019 20:00,11
3/5/2019 20:00,2
3/5/2019 20:00,6
3/5/2019 20:00,5
3/5/2019 20:00,4
3/5/2019 20:00,3
3/5/2019 20:00,3
3/5/2019 20:00,13
3/5/2019 20:00,2
3/5/2019 20:00,6
3/5/2019 20:00,3
3/5/2019 20:00,3
3/5/2019 20:00,5
3/5/2019 20:00,2
3/5/2019 20:00,2
3/5/2019 20:00,3
3/5/2019 20:00,3
3/5/2019 20:00,3
3/5/2019 20:00,8
3/5/2019 20:00,2
3/5/2019 20:00,2
3/5/2019 20:00,2
3/5/2019 20:00,2
3/5/2019 21:00,10
3/5/2019 21:00,6
3/5/2019 21:00,4
3/5/2019 21:00,7
3/5/2019 21:00,3
3/5/2019 21:00,2
3/5/2019 21:00,2
3/5/2019 21:00,2
3/5/2019 21:00,4
3/5/2019 21:00,10
3/5/2019 21:00,2
3/5/2019 21:00,15
3/5/2019 21:00,2
3/5/2019 21:00,3
3/5/2019 21:00,3
3/5/2019 21:00,2
3/5/2019 21:00,3
3/5/2019 21:00,5
3/5/2019 21:00,2
3/5/2019 21:00,4
3/5/2019 21:00,3
3/5/2019 21:00,2
3/5/2019 21:00,5
3/5/2019 22:00,4
3/5/2019 22:00,16
3/5/2019 22:00,3
3/5/2019 22:00,4
3/5/2019 22:00,6
3/5/2019 22:00,2
3/5/2019 22:00,2
3/5/2019 22:00,2
3/5/2019 22:00,2
3/5/2019 22:00,2
3/5/2019 22:00,2
3/5/2019 22:00,5
3/5/2019 22:00,2
3/5/2019 22:00,2
3/5/2019 23:00,2
3/5/2019 23:00,2
3/5/2019 23:00,2
3/5/2019 23:00,4
3/5/2019 23:00,2
3/5/2019 23:00,2
3/5/2019 23:00,4
3/5/2019 23:00,4
3/5/2019 23:00,2
3/5/2019 23:00,4
3/6/2019 0:00,3
3/6/2019 0:00,2
3/6/2019 0:00,2
3/6/2019 0:00,4
3/6/2019 0:00,2
3/6/2019 12:00,2
3/6/2019 12:00,2
3/6/2019 12:00,2
3/6/2019 12:00,2
3/6/2019 12:00,2
3/6/2019 14:00,3
3/6/2019 14:00,5
3/6/2019 14:00,2
3/6/2019 14:00,2
3/6/2019 14:00,2
3/6/2019 15:00,1
3/6/2019 16:00,2
3/6/2019 18:00,5
3/6/2019 19:00,5
3/6/2019 19:00,2
3/6/2019 19:00,3
3/6/2019 19:00,4
3/6/2019 19:00,3
3/6/2019 19:00,2
3/6/2019 19:00,7
3/6/2019 19:00,4
3/6/2019 19:00,2
3/6/2019 19:00,2
3/6/2019 19:00,2
3/6/2019 19:00,2
3/6/2019 19:00,3
3/6/2019 19:00,1
3/6/2019 20:00,5
3/6/2019 20:00,3
3/6/2019 20:00,2
3/6/2019 20:00,16
3/6/2019 20:00,2
3/6/2019 20:00,5
3/6/2019 20:00,2
3/6/2019 20:00,7
3/6/2019 20:00,10
3/6/2019 20:00,5
3/6/2019 20:00,2
3/6/2019 20:00,3
3/6/2019 20:00,4
3/6/2019 20:00,2
3/6/2019 20:00,5
3/6/2019 20:00,4
3/6/2019 20:00,2
3/6/2019 20:00,2
3/6/2019 20:00,2
3/6/2019 20:00,2
3/6/2019 20:00,4
3/6/2019 20:00,2
3/6/2019 20:00,2
3/6/2019 20:00,2
3/6/2019 20:00,2
3/6/2019 20:00,6
3/6/2019 20:00,5
3/6/2019 20:00,3
3/6/2019 20:00,4
3/6/2019 20:00,5
3/6/2019 20:00,2
3/6/2019 20:00,2
3/6/2019 20:00,2
3/6/2019 20:00,2
3/6/2019 21:00,8
3/6/2019 21:00,3
3/6/2019 21:00,5
3/6/2019 21:00,8
3/6/2019 21:00,6
3/6/2019 21:00,4
3/6/2019 21:00,6
3/6/2019 21:00,8
3/6/2019 21:00,4
3/6/2019 21:00,19
3/6/2019 21:00,4
3/6/2019 21:00,6
3/6/2019 21:00,4
3/6/2019 21:00,2
3/6/2019 21:00,3
3/6/2019 21:00,2
3/6/2019 21:00,2
3/6/2019 21:00,6
3/6/2019 21:00,2
3/6/2019 21:00,2
3/6/2019 21:00,2
3/6/2019 21:00,2
3/6/2019 21:00,3
3/6/2019 21:00,10
3/6/2019 22:00,4
3/6/2019 22:00,29
3/6/2019 22:00,2
3/6/2019 22:00,2
3/6/2019 22:00,3
3/6/2019 22:00,2
3/6/2019 22:00,7
3/6/2019 22:00,2
3/6/2019 23:00,18
3/6/2019 23:00,3
3/6/2019 23:00,7
3/6/2019 23:00,2
3/6/2019 23:00,5
3/6/2019 23:00,5
3/6/2019 23:00,4
3/6/2019 23:00,2
3/7/2019 1:00,6
3/7/2019 12:00,5
3/7/2019 12:00,2
3/7/2019 13:00,9
3/7/2019 13:00,2
3/7/2019 13:00,3
3/7/2019 14:00,3
3/7/2019 14:00,2
3/7/2019 14:00,7
3/7/2019 14:00,4
3/7/2019 14:00,5
3/7/2019 15:00,2
3/7/2019 15:00,2
3/7/2019 15:00,3
3/7/2019 15:00,2
3/7/2019 15:00,8
3/7/2019 19:00,2
3/7/2019 19:00,5
3/7/2019 19:00,5
3/7/2019 19:00,3
3/7/2019 19:00,2
3/7/2019 20:00,6
3/7/2019 20:00,5
3/7/2019 20:00,2
3/7/2019 20:00,2
3/7/2019 20:00,3
3/7/2019 20:00,3
3/7/2019 20:00,2
3/7/2019 20:00,3
3/7/2019 20:00,2
3/7/2019 20:00,5
3/7/2019 20:00,3
3/7/2019 20:00,4
3/7/2019 20:00,2
3/7/2019 21:00,12
3/7/2019 21:00,2
3/7/2019 21:00,2
3/7/2019 21:00,2
3/7/2019 22:00,2
3/7/2019 22:00,2
3/7/2019 22:00,4
3/7/2019 22:00,2
3/7/2019 22:00,2
3/7/2019 22:00,2
3/7/2019 22:00,6
3/7/2019 22:00,10
3/7/2019 22:00,6
3/7/2019 22:00,2
3/7/2019 22:00,2
3/7/2019 23:00,2
3/7/2019 23:00,2
3/8/2019 0:00,2
3/8/2019 1:00,10
3/8/2019 14:00,2
3/8/2019 19:00,3
3/8/2019 19:00,2
3/8/2019 20:00,14
3/8/2019 20:00,4
3/8/2019 20:00,2
3/8/2019 20:00,35
3/8/2019 20:00,2
3/8/2019 20:00,3
3/8/2019 21:00,2
3/8/2019 21:00,1
3/8/2019 21:00,3
3/8/2019 21:00,3
3/8/2019 22:00,2
3/8/2019 22:00,14
3/8/2019 22:00,3
3/8/2019 23:00,4
3/8/2019 23:00,2
3/8/2019 23:00,2
3/9/2019 14:00,4
3/9/2019 14:00,5
3/9/2019 14:00,3
3/9/2019 19:00,2
3/9/2019 19:00,4
3/9/2019 20:00,20
3/9/2019 20:00,2
3/9/2019 20:00,2
3/9/2019 20:00,7
3/9/2019 20:00,6
3/9/2019 20:00,8
3/9/2019 20:00,2
3/9/2019 20:00,2
3/9/2019 20:00,8
3/9/2019 20:00,4
3/9/2019 20:00,7
3/9/2019 21:00,6
3/9/2019 21:00,8
3/9/2019 21:00,3
3/9/2019 21:00,2
3/9/2019 21:00,2
3/9/2019 21:00,2
3/9/2019 21:00,4
3/9/2019 21:00,2
3/9/2019 21:00,3
3/9/2019 21:00,3
3/9/2019 21:00,2
3/9/2019 22:00,7
3/9/2019 22:00,2
3/9/2019 22:00,2
3/9/2019 22:00,1
3/9/2019 23:00,6
3/9/2019 23:00,2
3/10/2019 13:00,2
3/10/2019 13:00,4
3/10/2019 15:00,6
3/10/2019 18:00,8
3/10/2019 19:00,7
3/10/2019 19:00,14
3/10/2019 19:00,2
3/10/2019 19:00,4
3/10/2019 19:00,4
3/10/2019 19:00,4
3/10/2019 19:00,2
3/10/2019 20:00,4
3/10/2019 20:00,2
3/10/2019 20:00,3
3/10/2019 20:00,6
3/10/2019 20:00,4
3/10/2019 20:00,3
3/10/2019 20:00,2
3/10/2019 20:00,2
3/10/2019 20:00,2
3/10/2019 20:00,2
3/10/2019 20:00,4
3/10/2019 20:00,4
3/10/2019 20:00,2
3/10/2019 20:00,2
3/10/2019 20:00,5
3/10/2019 20:00,3
3/10/2019 21:00,2
3/10/2019 21:00,8
3/10/2019 21:00,2
3/10/2019 21:00,2
3/10/2019 21:00,1
3/10/2019 22:00,8
3/10/2019 23:00,6
3/10/2019 23:00,2
3/10/2019 23:00,4
3/10/2019 23:00,2
3/10/2019 23:00,3
3/10/2019 23:00,5
3/11/2019 0:00,2
3/11/2019 13:00,4
3/11/2019 14:00,2
3/11/2019 14:00,2
3/11/2019 15:00,4
3/11/2019 19:00,6
3/11/2019 19:00,3
3/11/2019 19:00,3
3/11/2019 19:00,3
3/11/2019 19:00,6
3/11/2019 19:00,29
3/11/2019 19:00,9
3/11/2019 20:00,8
3/11/2019 20:00,2
3/11/2019 20:00,2
3/11/2019 20:00,4
3/11/2019 20:00,2
3/11/2019 20:00,3
3/11/2019 20:00,2
3/11/2019 20:00,2
3/11/2019 20:00,3
3/11/2019 21:00,5
3/11/2019 21:00,3
3/11/2019 21:00,10
3/11/2019 21:00,5
3/11/2019 21:00,8
3/11/2019 21:00,3
3/11/2019 21:00,13
3/11/2019 21:00,2
3/11/2019 21:00,3
3/11/2019 21:00,3
3/11/2019 22:00,8
3/11/2019 23:00,23
3/11/2019 23:00,2
3/11/2019 23:00,3
3/11/2019 23:00,2
3/11/2019 23:00,3
3/11/2019 23:00,4
3/11/2019 23:00,2
3/12/2019 0:00,3
3/12/2019 0:00,2
3/12/2019 1:00,8
3/12/2019 14:00,3
3/12/2019 14:00,2
3/12/2019 14:00,2
3/12/2019 19:00,4
3/12/2019 19:00,6
3/12/2019 19:00,3
3/12/2019 19:00,2
3/12/2019 20:00,6
3/12/2019 20:00,29
3/12/2019 20:00,18
3/12/2019 20:00,11
3/12/2019 20:00,14
3/12/2019 20:00,2
3/12/2019 20:00,5
3/12/2019 20:00,2
3/12/2019 20:00,2
3/12/2019 20:00,2
3/12/2019 20:00,14
3/12/2019 20:00,3
3/12/2019 20:00,9
3/12/2019 20:00,3
3/12/2019 20:00,2
3/12/2019 20:00,15
3/12/2019 20:00,3
3/12/2019 20:00,2
3/12/2019 20:00,2
3/12/2019 20:00,3
3/12/2019 20:00,2
3/12/2019 20:00,2
3/12/2019 21:00,6
3/12/2019 21:00,6
3/12/2019 21:00,3
3/12/2019 21:00,3
3/12/2019 21:00,3
3/12/2019 21:00,5
3/12/2019 21:00,3
3/12/2019 21:00,3
3/12/2019 21:00,5
3/12/2019 21:00,4
3/12/2019 21:00,3
3/12/2019 21:00,2
3/12/2019 21:00,2
3/12/2019 21:00,6
3/12/2019 21:00,2
3/12/2019 21:00,2
3/12/2019 21:00,3
3/12/2019 22:00,5
3/12/2019 22:00,13
3/12/2019 22:00,6
3/12/2019 22:00,5
3/12/2019 22:00,4
3/12/2019 22:00,2
3/12/2019 22:00,5
3/12/2019 22:00,4
3/12/2019 22:00,15
3/12/2019 22:00,2
3/12/2019 22:00,4
3/12/2019 22:00,2
3/12/2019 22:00,2
3/12/2019 23:00,10
3/12/2019 23:00,4
3/12/2019 23:00,3
3/12/2019 23:00,3
3/12/2019 23:00,12
3/12/2019 23:00,3
3/12/2019 23:00,11
3/12/2019 23:00,4
3/12/2019 23:00,2
3/12/2019 23:00,3
3/12/2019 23:00,2
3/12/2019 23:00,2
3/12/2019 23:00,2
3/12/2019 23:00,2
3/12/2019 23:00,2
3/13/2019 0:00,3
3/13/2019 0:00,2
3/13/2019 13:00,8
3/13/2019 13:00,2
3/13/2019 13:00,4
3/13/2019 13:00,1
3/13/2019 13:00,2
3/13/2019 13:00,3
3/13/2019 14:00,4
3/13/2019 14:00,2
3/13/2019 14:00,2
3/13/2019 14:00,2
3/13/2019 14:00,3
3/13/2019 15:00,4
3/13/2019 15:00,3
3/13/2019 18:00,4
3/13/2019 18:00,6
3/13/2019 18:00,2
3/13/2019 18:00,8
3/13/2019 18:00,2
3/13/2019 19:00,22
3/13/2019 19:00,4
3/13/2019 19:00,6
3/13/2019 19:00,6
3/13/2019 19:00,3
3/13/2019 19:00,2
3/13/2019 19:00,3
3/13/2019 19:00,2
3/13/2019 19:00,5
3/13/2019 19:00,4
3/13/2019 19:00,3
3/13/2019 20:00,10
3/13/2019 20:00,4
3/13/2019 20:00,4
3/13/2019 20:00,3
3/13/2019 20:00,51
3/13/2019 20:00,10
3/13/2019 20:00,8
3/13/2019 20:00,3
3/13/2019 20:00,7
3/13/2019 20:00,14
3/13/2019 20:00,2
3/13/2019 20:00,2
3/13/2019 20:00,8
3/13/2019 20:00,9
3/13/2019 20:00,2
3/13/2019 20:00,6
3/13/2019 20:00,3
3/13/2019 20:00,4
3/13/2019 20:00,7
3/13/2019 20:00,3
3/13/2019 20:00,2
3/13/2019 20:00,3
3/13/2019 20:00,2
3/13/2019 20:00,2
3/13/2019 20:00,2
3/13/2019 20:00,2
3/13/2019 20:00,2
3/13/2019 20:00,2
3/13/2019 20:00,2
3/13/2019 20:00,2
3/13/2019 20:00,4
3/13/2019 20:00,2
3/13/2019 20:00,2
3/13/2019 20:00,2
3/13/2019 21:00,7
3/13/2019 21:00,2
3/13/2019 21:00,2
3/13/2019 21:00,2
3/13/2019 21:00,6
3/13/2019 21:00,3
3/13/2019 21:00,2
3/13/2019 21:00,5
3/13/2019 21:00,8
3/13/2019 21:00,2
3/13/2019 21:00,2
3/13/2019 21:00,2
3/13/2019 21:00,6
3/13/2019 21:00,3
3/13/2019 21:00,2
3/13/2019 21:00,4
3/13/2019 21:00,2
3/13/2019 21:00,2
3/13/2019 21:00,3
3/13/2019 21:00,3
3/13/2019 21:00,2
3/13/2019 21:00,2
3/13/2019 21:00,2
3/13/2019 21:00,3
3/13/2019 21:00,2
3/13/2019 21:00,2
3/13/2019 21:00,3
3/13/2019 21:00,2
3/13/2019 22:00,31
3/13/2019 22:00,3
3/13/2019 22:00,5
3/13/2019 22:00,2
3/13/2019 22:00,4
3/13/2019 22:00,4
3/13/2019 23:00,2
3/13/2019 23:00,8
3/13/2019 23:00,4
3/13/2019 23:00,2
3/13/2019 23:00,2
3/13/2019 23:00,4
3/13/2019 23:00,4
3/13/2019 23:00,3
3/13/2019 23:00,2
3/13/2019 23:00,2
3/13/2019 23:00,5
3/13/2019 23:00,7
3/13/2019 23:00,3
3/14/2019 13:00,6
3/14/2019 13:00,3
3/14/2019 13:00,2
3/14/2019 13:00,2
3/14/2019 13:00,2
3/14/2019 13:00,2
3/14/2019 13:00,3
3/14/2019 13:00,2
3/14/2019 13:00,2
3/14/2019 13:00,2
3/14/2019 14:00,2
3/14/2019 14:00,2
3/14/2019 14:00,1
3/14/2019 14:00,2
3/14/2019 15:00,4
3/14/2019 15:00,4
3/14/2019 19:00,2
3/14/2019 19:00,3
3/14/2019 19:00,3
3/14/2019 19:00,2
3/14/2019 19:00,2
3/14/2019 19:00,3
3/14/2019 20:00,4
3/14/2019 20:00,2
3/14/2019 20:00,15
3/14/2019 20:00,2
3/14/2019 20:00,3
3/14/2019 20:00,3
3/14/2019 20:00,2
3/14/2019 20:00,4
3/14/2019 20:00,3
3/14/2019 21:00,6
3/14/2019 21:00,23
3/14/2019 21:00,2
3/14/2019 22:00,2
3/14/2019 22:00,3
3/14/2019 22:00,2
3/14/2019 22:00,2
3/14/2019 22:00,29
3/14/2019 22:00,2
3/14/2019 22:00,2
3/14/2019 22:00,3
3/14/2019 22:00,4
3/14/2019 22:00,5
3/14/2019 23:00,6
3/14/2019 23:00,3
3/14/2019 23:00,2
3/14/2019 23:00,6
3/14/2019 23:00,18
3/15/2019 2:00,9
3/15/2019 16:00,2
3/15/2019 20:00,7
3/15/2019 20:00,4
3/15/2019 20:00,2
3/15/2019 20:00,7
3/15/2019 20:00,3
3/15/2019 20:00,2
3/15/2019 20:00,7
3/15/2019 20:00,2
3/15/2019 20:00,4
3/15/2019 20:00,1
3/15/2019 21:00,10
3/15/2019 21:00,2
3/15/2019 21:00,3
3/15/2019 22:00,7
3/15/2019 22:00,2
3/15/2019 23:00,2
3/16/2019 0:00,4
3/16/2019 0:00,1
3/16/2019 0:00,2
3/16/2019 13:00,2
3/16/2019 16:00,1
3/16/2019 19:00,2
3/16/2019 19:00,4
3/16/2019 19:00,2
3/16/2019 19:00,4
3/16/2019 19:00,5
3/16/2019 19:00,5
3/16/2019 19:00,2
3/16/2019 19:00,4
3/16/2019 20:00,3
3/16/2019 20:00,4
3/16/2019 20:00,2
3/16/2019 20:00,2
3/16/2019 20:00,16
3/16/2019 20:00,4
3/16/2019 20:00,3
3/16/2019 20:00,3
3/16/2019 20:00,4
3/16/2019 20:00,2
3/16/2019 20:00,3
3/16/2019 20:00,6
3/16/2019 20:00,4
3/16/2019 20:00,7
3/16/2019 20:00,2
3/16/2019 20:00,4
3/16/2019 21:00,9
3/16/2019 21:00,15
3/16/2019 21:00,2
3/16/2019 21:00,2
3/16/2019 21:00,3
3/16/2019 21:00,1
3/16/2019 21:00,3
3/16/2019 21:00,2
3/16/2019 21:00,3
3/16/2019 22:00,7
3/16/2019 22:00,8
3/16/2019 22:00,3
3/16/2019 23:00,2
3/17/2019 0:00,3
3/17/2019 0:00,3
3/17/2019 19:00,4
3/17/2019 19:00,20
3/17/2019 19:00,6
3/17/2019 19:00,8
3/17/2019 19:00,4
3/17/2019 19:00,2
3/17/2019 19:00,6
3/17/2019 19:00,2
3/17/2019 19:00,4
3/17/2019 19:00,3
3/17/2019 20:00,6
3/17/2019 20:00,2
3/17/2019 20:00,7
3/17/2019 20:00,8
3/17/2019 20:00,4
3/17/2019 20:00,10
3/17/2019 20:00,4
3/17/2019 20:00,3
3/17/2019 20:00,3
3/17/2019 20:00,2
3/17/2019 20:00,3
3/17/2019 20:00,2
3/17/2019 20:00,4
3/17/2019 20:00,2
3/17/2019 20:00,2
3/17/2019 20:00,2
3/17/2019 20:00,2
3/17/2019 20:00,2
3/17/2019 21:00,11
3/17/2019 21:00,5
3/17/2019 21:00,5
3/17/2019 21:00,2
3/17/2019 21:00,6
3/17/2019 21:00,14
3/17/2019 21:00,2
3/17/2019 21:00,3
3/17/2019 21:00,4
3/17/2019 22:00,3
3/17/2019 22:00,4
3/17/2019 22:00,6
3/17/2019 22:00,7
3/17/2019 22:00,4
3/17/2019 22:00,3
3/17/2019 23:00,8
3/17/2019 23:00,2
3/17/2019 23:00,2
3/17/2019 23:00,18
3/17/2019 23:00,10
3/17/2019 23:00,2
3/18/2019 13:00,2
3/18/2019 13:00,6
3/18/2019 13:00,2
3/18/2019 16:00,4
3/18/2019 19:00,2
3/18/2019 19:00,4
3/18/2019 19:00,3
3/18/2019 19:00,2
3/18/2019 19:00,6
3/18/2019 19:00,3
3/18/2019 19:00,8
3/18/2019 19:00,2
3/18/2019 19:00,4
3/18/2019 19:00,1
3/18/2019 20:00,4
3/18/2019 20:00,2
3/18/2019 20:00,4
3/18/2019 20:00,2
3/18/2019 20:00,5
3/18/2019 20:00,3
3/18/2019 20:00,2
3/18/2019 21:00,2
3/18/2019 21:00,3
3/18/2019 21:00,2
3/18/2019 21:00,2
3/18/2019 22:00,2
3/18/2019 22:00,2
3/18/2019 22:00,3
3/18/2019 22:00,2
3/18/2019 23:00,7
3/18/2019 23:00,2
3/18/2019 23:00,3
3/19/2019 0:00,2
3/19/2019 0:00,6
3/19/2019 0:00,2
3/19/2019 0:00,7
3/19/2019 0:00,6
3/19/2019 0:00,2
3/19/2019 13:00,2
3/19/2019 13:00,3
3/19/2019 18:00,3
3/19/2019 19:00,10
3/19/2019 19:00,3
3/19/2019 19:00,10
3/19/2019 19:00,5
3/19/2019 19:00,9
3/19/2019 19:00,18
3/19/2019 19:00,2
3/19/2019 19:00,3
3/19/2019 19:00,7
3/19/2019 19:00,3
3/19/2019 20:00,3
3/19/2019 20:00,5
3/19/2019 20:00,7
3/19/2019 20:00,2
3/19/2019 20:00,6
3/19/2019 20:00,2
3/19/2019 20:00,12
3/19/2019 20:00,10
3/19/2019 20:00,2
3/19/2019 20:00,5
3/19/2019 20:00,2
3/19/2019 20:00,2
3/19/2019 20:00,4
3/19/2019 20:00,3
3/19/2019 20:00,2
3/19/2019 20:00,5
3/19/2019 20:00,2
3/19/2019 20:00,2
3/19/2019 20:00,3
3/19/2019 21:00,2
3/19/2019 21:00,10
3/19/2019 21:00,3
3/19/2019 21:00,3
3/19/2019 21:00,2
3/19/2019 21:00,2
3/19/2019 21:00,7
3/19/2019 21:00,8
3/19/2019 21:00,2
3/19/2019 21:00,2
3/19/2019 21:00,4
3/19/2019 21:00,2
3/19/2019 21:00,3
3/19/2019 21:00,2
3/19/2019 21:00,3
3/19/2019 21:00,3
3/19/2019 21:00,2
3/19/2019 21:00,2
3/19/2019 21:00,1
3/19/2019 22:00,2
3/19/2019 22:00,6
3/19/2019 22:00,8
3/19/2019 22:00,2
3/19/2019 22:00,6
3/19/2019 22:00,2
3/19/2019 22:00,3
3/19/2019 22:00,9
3/19/2019 22:00,7
3/19/2019 22:00,3
3/19/2019 22:00,3
3/19/2019 22:00,3
3/19/2019 22:00,4
3/19/2019 22:00,2
3/19/2019 22:00,2
3/19/2019 23:00,3
3/19/2019 23:00,3
3/19/2019 23:00,3
3/19/2019 23:00,3
3/19/2019 23:00,2
3/19/2019 23:00,2
3/19/2019 23:00,2
3/19/2019 23:00,3
3/19/2019 23:00,2
3/19/2019 23:00,2
3/19/2019 23:00,2
3/19/2019 23:00,2
3/20/2019 0:00,8
3/20/2019 0:00,6
3/20/2019 0:00,2
3/20/2019 1:00,2
3/20/2019 13:00,5
3/20/2019 13:00,3
3/20/2019 13:00,3
3/20/2019 13:00,3
3/20/2019 13:00,2
3/20/2019 13:00,1
3/20/2019 13:00,1
3/20/2019 14:00,2
3/20/2019 14:00,2
3/20/2019 14:00,4
3/20/2019 15:00,2
3/20/2019 16:00,1
3/20/2019 17:00,1
3/20/2019 18:00,19
3/20/2019 18:00,1
3/20/2019 19:00,30
3/20/2019 19:00,6
3/20/2019 19:00,4
3/20/2019 19:00,5
3/20/2019 19:00,26
3/20/2019 19:00,10
3/20/2019 19:00,2
3/20/2019 19:00,8
3/20/2019 19:00,3
3/20/2019 19:00,2
3/20/2019 19:00,4
3/20/2019 19:00,2
3/20/2019 19:00,2
3/20/2019 19:00,2
3/20/2019 19:00,4
3/20/2019 19:00,4
3/20/2019 19:00,2
3/20/2019 19:00,2
3/20/2019 19:00,2
3/20/2019 20:00,5
3/20/2019 20:00,2
3/20/2019 20:00,19
3/20/2019 20:00,2
3/20/2019 20:00,4
3/20/2019 20:00,2
3/20/2019 20:00,2
3/20/2019 20:00,2
3/20/2019 20:00,2
3/20/2019 20:00,3
3/20/2019 20:00,2
3/20/2019 20:00,3
3/20/2019 20:00,4
3/20/2019 20:00,2
3/20/2019 20:00,3
3/20/2019 20:00,2
3/20/2019 21:00,3
3/20/2019 21:00,5
3/20/2019 21:00,15
3/20/2019 21:00,2
3/20/2019 21:00,4
3/20/2019 21:00,4
3/20/2019 21:00,12
3/20/2019 21:00,3
3/20/2019 21:00,3
3/20/2019 21:00,6
3/20/2019 21:00,2
3/20/2019 21:00,3
3/20/2019 21:00,6
3/20/2019 21:00,3
3/20/2019 21:00,2
3/20/2019 21:00,4
3/20/2019 21:00,6
3/20/2019 22:00,3
3/20/2019 22:00,7
3/20/2019 22:00,2
3/20/2019 22:00,6
3/20/2019 22:00,2
3/20/2019 22:00,2
3/20/2019 22:00,3
3/20/2019 23:00,5
3/20/2019 23:00,2
3/21/2019 0:00,2
3/21/2019 0:00,7
3/21/2019 0:00,2
3/21/2019 0:00,3
3/21/2019 14:00,3
3/21/2019 14:00,4
3/21/2019 14:00,4
3/21/2019 19:00,4
3/21/2019 19:00,2
3/21/2019 19:00,2
3/21/2019 19:00,2
3/21/2019 19:00,2
3/21/2019 20:00,5
3/21/2019 20:00,4
3/21/2019 20:00,1
3/21/2019 21:00,10
3/21/2019 21:00,3
3/21/2019 22:00,4
3/21/2019 22:00,2
3/21/2019 22:00,2
3/21/2019 22:00,3
3/21/2019 22:00,2
3/21/2019 23:00,2
3/21/2019 23:00,5
3/22/2019 0:00,6
3/22/2019 1:00,4
3/22/2019 19:00,13
3/22/2019 19:00,8
3/22/2019 19:00,2
3/22/2019 19:00,4
3/22/2019 20:00,4
3/22/2019 20:00,23
3/22/2019 20:00,2
3/22/2019 20:00,2
3/22/2019 20:00,3
3/22/2019 20:00,1
3/22/2019 20:00,9
3/22/2019 21:00,4
3/22/2019 21:00,3
3/22/2019 21:00,2
3/22/2019 21:00,10
3/22/2019 22:00,13
3/22/2019 23:00,5
3/22/2019 23:00,11
3/22/2019 23:00,2
3/22/2019 23:00,2
3/22/2019 23:00,2
3/22/2019 23:00,3
3/23/2019 19:00,15
3/23/2019 19:00,6
3/23/2019 19:00,4
3/23/2019 20:00,5
3/23/2019 20:00,13
3/23/2019 20:00,2
3/23/2019 20:00,5
3/23/2019 20:00,12
3/23/2019 20:00,6
3/23/2019 20:00,5
3/23/2019 20:00,5
3/23/2019 20:00,3
3/23/2019 20:00,3
3/23/2019 20:00,20
3/23/2019 20:00,2
3/23/2019 20:00,2
3/23/2019 21:00,2
3/23/2019 21:00,2
3/23/2019 21:00,5
3/23/2019 21:00,2
3/23/2019 22:00,2
3/23/2019 23:00,10
3/23/2019 23:00,3
3/24/2019 0:00,1
3/24/2019 19:00,12
3/24/2019 19:00,23
3/24/2019 19:00,8
3/24/2019 19:00,2
3/24/2019 20:00,9
3/24/2019 20:00,3
3/24/2019 20:00,2
3/24/2019 20:00,4
3/24/2019 20:00,2
3/24/2019 20:00,2
3/24/2019 20:00,2
3/24/2019 20:00,5
3/24/2019 21:00,3
3/24/2019 21:00,5
3/24/2019 21:00,3
3/24/2019 21:00,4
3/24/2019 21:00,2
3/24/2019 21:00,3
3/24/2019 21:00,9
3/24/2019 21:00,1
3/24/2019 21:00,2
3/24/2019 21:00,2
3/24/2019 22:00,2
3/24/2019 22:00,2
3/24/2019 23:00,10
3/25/2019 15:00,2
3/25/2019 19:00,8
3/25/2019 19:00,5
3/25/2019 19:00,3
3/25/2019 19:00,9
3/25/2019 19:00,2
3/25/2019 20:00,4
3/25/2019 20:00,2
3/25/2019 20:00,16
3/25/2019 20:00,2
3/25/2019 20:00,4
3/25/2019 20:00,18
3/25/2019 20:00,2
3/25/2019 20:00,2
3/25/2019 20:00,3
3/25/2019 20:00,9
3/25/2019 21:00,8
3/25/2019 21:00,2
3/25/2019 21:00,3
3/25/2019 21:00,3
3/25/2019 21:00,2
3/25/2019 21:00,2
3/25/2019 22:00,4
3/25/2019 22:00,4
3/25/2019 22:00,2
3/25/2019 22:00,8
3/25/2019 22:00,4
3/25/2019 22:00,3
3/25/2019 22:00,3
3/25/2019 23:00,5
3/25/2019 23:00,2
3/25/2019 23:00,2
3/25/2019 23:00,2
3/26/2019 0:00,2
3/26/2019 13:00,2
3/26/2019 19:00,11
3/26/2019 19:00,3
3/26/2019 19:00,2
3/26/2019 19:00,1
3/26/2019 19:00,1
3/26/2019 20:00,4
3/26/2019 20:00,4
3/26/2019 20:00,4
3/26/2019 20:00,6
3/26/2019 20:00,4
3/26/2019 20:00,2
3/26/2019 20:00,2
3/26/2019 20:00,10
3/26/2019 20:00,2
3/26/2019 20:00,4
3/26/2019 20:00,4
3/26/2019 20:00,2
3/26/2019 20:00,5
3/26/2019 21:00,33
3/26/2019 21:00,4
3/26/2019 21:00,2
3/26/2019 21:00,4
3/26/2019 21:00,3
3/26/2019 21:00,5
3/26/2019 21:00,4
3/26/2019 21:00,2
3/26/2019 21:00,2
3/26/2019 22:00,5
3/26/2019 22:00,2
3/26/2019 22:00,2
3/26/2019 22:00,3
3/26/2019 22:00,2
3/26/2019 22:00,3
3/26/2019 22:00,15
3/26/2019 22:00,2
3/26/2019 23:00,2
3/26/2019 23:00,5
3/26/2019 23:00,2
3/26/2019 23:00,2
3/27/2019 0:00,2
3/27/2019 0:00,2
3/27/2019 0:00,3
3/27/2019 0:00,1
3/27/2019 0:00,3
3/27/2019 1:00,6
3/27/2019 1:00,2
3/27/2019 13:00,2
3/27/2019 13:00,2
3/27/2019 13:00,3
3/27/2019 13:00,2
3/27/2019 13:00,2
3/27/2019 13:00,2
3/27/2019 19:00,4
3/27/2019 19:00,63
3/27/2019 19:00,6
3/27/2019 19:00,2
3/27/2019 19:00,2
3/27/2019 19:00,10
3/27/2019 19:00,2
3/27/2019 19:00,3
3/27/2019 19:00,2
3/27/2019 19:00,2
3/27/2019 19:00,4
3/27/2019 19:00,2
3/27/2019 19:00,2
3/27/2019 20:00,4
3/27/2019 20:00,4
3/27/2019 20:00,2
3/27/2019 20:00,5
3/27/2019 20:00,3
3/27/2019 20:00,2
3/27/2019 20:00,3
3/27/2019 20:00,4
3/27/2019 20:00,4
3/27/2019 20:00,30
3/27/2019 20:00,2
3/27/2019 20:00,4
3/27/2019 20:00,2
3/27/2019 20:00,3
3/27/2019 20:00,3
3/27/2019 21:00,4
3/27/2019 21:00,2
3/27/2019 21:00,2
3/27/2019 21:00,12
3/27/2019 21:00,6
3/27/2019 21:00,3
3/27/2019 21:00,2
3/27/2019 21:00,2
3/27/2019 21:00,5
3/27/2019 21:00,2
3/27/2019 21:00,6
3/27/2019 21:00,3
3/27/2019 21:00,2
3/27/2019 21:00,4
3/27/2019 21:00,3
3/27/2019 21:00,3
3/27/2019 21:00,2
3/27/2019 21:00,5
3/27/2019 21:00,2
3/27/2019 21:00,2
3/27/2019 21:00,2
3/27/2019 21:00,2
3/27/2019 21:00,2
3/27/2019 22:00,4
3/27/2019 22:00,4
3/27/2019 22:00,2
3/27/2019 22:00,7
3/27/2019 22:00,2
3/27/2019 22:00,12
3/27/2019 22:00,3
3/27/2019 23:00,5
3/27/2019 23:00,10
3/27/2019 23:00,2
3/28/2019 1:00,12
3/28/2019 12:00,3
3/28/2019 12:00,7
3/28/2019 12:00,4
3/28/2019 14:00,3
3/28/2019 14:00,2
3/28/2019 18:00,4
3/28/2019 19:00,2
3/28/2019 19:00,5
3/28/2019 19:00,2
3/28/2019 19:00,2
3/28/2019 19:00,2
3/28/2019 19:00,2
3/28/2019 20:00,2
3/28/2019 20:00,2
3/28/2019 20:00,2
3/28/2019 20:00,6
3/28/2019 20:00,4
3/28/2019 20:00,2
3/28/2019 20:00,3
3/28/2019 21:00,2
3/28/2019 21:00,2
3/28/2019 21:00,2
3/28/2019 21:00,2
3/28/2019 21:00,2
3/28/2019 21:00,4
3/28/2019 21:00,2
3/28/2019 21:00,3
3/28/2019 21:00,4
3/28/2019 22:00,3
3/29/2019 0:00,4
3/29/2019 17:00,2
3/29/2019 19:00,18
3/29/2019 19:00,2
3/29/2019 19:00,2
3/29/2019 19:00,2
3/29/2019 19:00,2
3/29/2019 19:00,7
3/29/2019 20:00,7
3/29/2019 20:00,5
3/29/2019 20:00,2
3/29/2019 20:00,3
3/29/2019 20:00,7
3/29/2019 22:00,3
3/29/2019 22:00,11
3/29/2019 22:00,6
3/29/2019 22:00,11
3/29/2019 22:00,4
3/29/2019 22:00,2
3/29/2019 23:00,13
3/30/2019 0:00,2
3/30/2019 0:00,2
3/30/2019 0:00,2
3/30/2019 19:00,2
3/30/2019 19:00,6
3/30/2019 19:00,9
3/30/2019 19:00,2
3/30/2019 19:00,8
3/30/2019 19:00,2
3/30/2019 19:00,2
3/30/2019 19:00,4
3/30/2019 19:00,2
3/30/2019 19:00,1
3/30/2019 20:00,2
3/30/2019 20:00,21
3/30/2019 20:00,2
3/30/2019 20:00,3
3/30/2019 20:00,4
3/30/2019 20:00,3
3/30/2019 20:00,3
3/30/2019 20:00,3
3/30/2019 20:00,2
3/30/2019 20:00,4
3/30/2019 20:00,2
3/30/2019 21:00,7
3/30/2019 21:00,3
3/30/2019 21:00,2
3/30/2019 21:00,8
3/30/2019 21:00,3
3/30/2019 21:00,2
3/30/2019 22:00,6
3/30/2019 22:00,3
3/30/2019 22:00,4
3/30/2019 22:00,4
3/30/2019 22:00,3
3/30/2019 23:00,5
3/31/2019 0:00,6
3/31/2019 0:00,2
3/31/2019 19:00,6
3/31/2019 19:00,3
3/31/2019 19:00,2
3/31/2019 19:00,2
3/31/2019 20:00,7
3/31/2019 20:00,3
3/31/2019 20:00,3
3/31/2019 20:00,7
3/31/2019 20:00,2
3/31/2019 20:00,16
3/31/2019 20:00,7
3/31/2019 20:00,4
3/31/2019 20:00,7
3/31/2019 20:00,2
3/31/2019 20:00,2
3/31/2019 20:00,2
3/31/2019 20:00,2
3/31/2019 20:00,2
3/31/2019 20:00,7
3/31/2019 20:00,1
3/31/2019 21:00,17
3/31/2019 22:00,2
3/31/2019 22:00,2
3/31/2019 22:00,1
3/31/2019 22:00,3
3/31/2019 23:00,4
3/31/2019 23:00,3
3/31/2019 23:00,2
4/1/2019 0:00,3
4/1/2019 0:00,2
4/1/2019 15:00,5
4/1/2019 15:00,2
4/1/2019 19:00,2
4/1/2019 19:00,5
4/1/2019 19:00,5
4/1/2019 19:00,2
4/1/2019 19:00,9
4/1/2019 20:00,2
4/1/2019 20:00,12
4/1/2019 20:00,3
4/1/2019 20:00,5
4/1/2019 20:00,4
4/1/2019 20:00,2
4/1/2019 20:00,4
4/1/2019 20:00,3
4/1/2019 20:00,2
4/1/2019 21:00,16
4/1/2019 21:00,2
4/1/2019 21:00,2
4/1/2019 21:00,7
4/1/2019 21:00,4
4/1/2019 21:00,3
4/1/2019 21:00,2
4/1/2019 21:00,2
4/1/2019 21:00,3
4/1/2019 21:00,2
4/1/2019 22:00,8
4/1/2019 22:00,2
4/1/2019 22:00,5
4/1/2019 22:00,7
4/1/2019 23:00,6
4/1/2019 23:00,3
4/1/2019 23:00,2
4/2/2019 0:00,6
4/2/2019 13:00,2
4/2/2019 14:00,2
4/2/2019 14:00,3
4/2/2019 14:00,3
4/2/2019 15:00,2
4/2/2019 19:00,17
4/2/2019 19:00,3
4/2/2019 19:00,3
4/2/2019 19:00,6
4/2/2019 19:00,3
4/2/2019 19:00,3
4/2/2019 19:00,3
4/2/2019 20:00,5
4/2/2019 20:00,8
4/2/2019 20:00,4
4/2/2019 20:00,6
4/2/2019 20:00,5
4/2/2019 20:00,2
4/2/2019 20:00,2
4/2/2019 20:00,4
4/2/2019 20:00,4
4/2/2019 20:00,2
4/2/2019 21:00,3
4/2/2019 21:00,12
4/2/2019 21:00,7
4/2/2019 21:00,44
4/2/2019 21:00,3
4/2/2019 21:00,8
4/2/2019 21:00,5
4/2/2019 21:00,3
4/2/2019 21:00,4
4/2/2019 21:00,6
4/2/2019 21:00,5
4/2/2019 21:00,3
4/2/2019 21:00,2
4/2/2019 21:00,2
4/2/2019 21:00,5
4/2/2019 21:00,2
4/2/2019 21:00,2
4/2/2019 21:00,4
4/2/2019 22:00,8
4/2/2019 22:00,2
4/2/2019 22:00,2
4/2/2019 22:00,3
4/2/2019 22:00,3
4/2/2019 23:00,2
4/2/2019 23:00,2
4/2/2019 23:00,2
4/2/2019 23:00,8
4/2/2019 23:00,2
4/2/2019 23:00,10
4/2/2019 23:00,2
4/3/2019 1:00,4
4/3/2019 1:00,8
4/3/2019 1:00,2
4/3/2019 1:00,3
4/3/2019 1:00,2
4/3/2019 1:00,3
4/3/2019 12:00,5
4/3/2019 12:00,4
4/3/2019 12:00,2
4/3/2019 12:00,4
4/3/2019 12:00,2
4/3/2019 19:00,39
4/3/2019 19:00,4
4/3/2019 19:00,2
4/3/2019 19:00,2
4/3/2019 20:00,5
4/3/2019 20:00,8
4/3/2019 20:00,4
4/3/2019 20:00,3
4/3/2019 20:00,6
4/3/2019 20:00,3
4/3/2019 20:00,2
4/3/2019 20:00,2
4/3/2019 20:00,3
4/3/2019 20:00,2
4/3/2019 20:00,2
4/3/2019 20:00,2
4/3/2019 20:00,7
4/3/2019 20:00,2
4/3/2019 21:00,15
4/3/2019 21:00,5
4/3/2019 21:00,2
4/3/2019 21:00,2
4/3/2019 21:00,4
4/3/2019 21:00,2
4/3/2019 21:00,2
4/3/2019 21:00,2
4/3/2019 21:00,16
4/3/2019 21:00,3
4/3/2019 22:00,4
4/3/2019 22:00,4
4/3/2019 22:00,8
4/3/2019 22:00,8
4/3/2019 22:00,3
4/3/2019 22:00,2
4/3/2019 22:00,2
4/3/2019 22:00,3
4/3/2019 22:00,2
4/3/2019 22:00,2
4/3/2019 22:00,1
4/3/2019 23:00,3
4/3/2019 23:00,6
4/3/2019 23:00,3
4/3/2019 23:00,3
4/3/2019 23:00,4
4/4/2019 0:00,2
4/4/2019 12:00,3
4/4/2019 12:00,6
4/4/2019 12:00,2
4/4/2019 12:00,3
4/4/2019 12:00,2
4/4/2019 12:00,2
4/4/2019 15:00,5
4/4/2019 15:00,5
4/4/2019 15:00,2
4/4/2019 19:00,4
4/4/2019 19:00,2
4/4/2019 20:00,5
4/4/2019 20:00,7
4/4/2019 20:00,2
4/4/2019 20:00,2
4/4/2019 20:00,2
4/4/2019 20:00,3
4/4/2019 20:00,8
4/4/2019 20:00,3
4/4/2019 20:00,4
4/4/2019 20:00,2
4/4/2019 20:00,2
4/4/2019 20:00,2
4/4/2019 20:00,2
4/4/2019 21:00,2
4/4/2019 22:00,45
4/4/2019 22:00,4
4/4/2019 22:00,2
4/4/2019 22:00,6
4/4/2019 22:00,2
4/4/2019 22:00,2
4/4/2019 23:00,2
4/5/2019 19:00,10
4/5/2019 19:00,2
4/5/2019 19:00,2
4/5/2019 19:00,2
4/5/2019 20:00,1
4/5/2019 20:00,1
4/5/2019 20:00,3
4/5/2019 20:00,13
4/5/2019 20:00,5
4/5/2019 20:00,4
4/5/2019 20:00,2
4/5/2019 22:00,2
4/5/2019 22:00,2
4/5/2019 23:00,3
4/6/2019 0:00,17
4/6/2019 1:00,4
4/6/2019 1:00,3
4/6/2019 19:00,5
4/6/2019 19:00,2
4/6/2019 20:00,4
4/6/2019 20:00,3
4/6/2019 20:00,3
4/6/2019 21:00,4
4/6/2019 21:00,7
4/6/2019 21:00,20
4/6/2019 21:00,3
4/6/2019 21:00,2
4/6/2019 22:00,2
4/6/2019 22:00,2
4/6/2019 22:00,2
4/6/2019 23:00,2
4/6/2019 23:00,3
4/6/2019 23:00,8
4/7/2019 2:00,3
4/7/2019 19:00,9
4/7/2019 20:00,19
4/7/2019 20:00,19
4/7/2019 20:00,7
4/7/2019 20:00,6
4/7/2019 20:00,3
4/7/2019 20:00,2
4/7/2019 20:00,3
4/7/2019 20:00,7
4/7/2019 21:00,2
4/7/2019 21:00,2
4/7/2019 22:00,2
4/7/2019 22:00,3
4/7/2019 22:00,2
4/7/2019 23:00,2
4/7/2019 23:00,2
4/7/2019 23:00,2
4/7/2019 23:00,6
4/8/2019 0:00,2
4/8/2019 0:00,3
4/8/2019 13:00,3
4/8/2019 19:00,4
4/8/2019 20:00,16
4/8/2019 20:00,24
4/8/2019 20:00,8
4/8/2019 20:00,3
4/8/2019 20:00,2
4/8/2019 20:00,3
4/8/2019 20:00,3
4/8/2019 20:00,2
4/8/2019 20:00,2
4/8/2019 21:00,4
4/8/2019 21:00,7
4/8/2019 21:00,7
4/8/2019 21:00,2
4/8/2019 21:00,2
4/8/2019 21:00,4
4/8/2019 21:00,2
4/8/2019 21:00,2
4/8/2019 21:00,2
4/8/2019 21:00,3
4/8/2019 21:00,2
4/8/2019 21:00,1
4/8/2019 22:00,18
4/8/2019 22:00,3
4/8/2019 22:00,2
4/8/2019 22:00,2
4/8/2019 22:00,4
4/8/2019 22:00,2
4/8/2019 23:00,30
4/8/2019 23:00,2
4/8/2019 23:00,2
4/9/2019 1:00,2
4/9/2019 14:00,4
4/9/2019 19:00,7
4/9/2019 19:00,22
4/9/2019 19:00,7
4/9/2019 19:00,4
4/9/2019 19:00,2
4/9/2019 19:00,2
4/9/2019 19:00,2
4/9/2019 19:00,2
4/9/2019 19:00,3
4/9/2019 19:00,2
4/9/2019 20:00,2
4/9/2019 20:00,4
4/9/2019 20:00,4
4/9/2019 20:00,8
4/9/2019 20:00,4
4/9/2019 20:00,13
4/9/2019 20:00,3
4/9/2019 20:00,6
4/9/2019 20:00,2
4/9/2019 20:00,2
4/9/2019 20:00,2
4/9/2019 20:00,3
4/9/2019 20:00,2
4/9/2019 20:00,2
4/9/2019 20:00,5
4/9/2019 20:00,3
4/9/2019 20:00,3
4/9/2019 20:00,25
4/9/2019 20:00,5
4/9/2019 21:00,4
4/9/2019 21:00,2
4/9/2019 21:00,2
4/9/2019 21:00,2
4/9/2019 21:00,3
4/9/2019 21:00,3
4/9/2019 21:00,2
4/9/2019 21:00,2
4/9/2019 21:00,2
4/9/2019 21:00,6
4/9/2019 21:00,5
4/9/2019 21:00,2
4/9/2019 21:00,2
4/9/2019 21:00,2
4/9/2019 22:00,40
4/9/2019 22:00,6
4/9/2019 22:00,3
4/9/2019 22:00,2
4/9/2019 22:00,4
4/9/2019 22:00,2
4/9/2019 22:00,2
4/9/2019 22:00,13
4/9/2019 23:00,4
4/9/2019 23:00,2
4/9/2019 23:00,2
4/9/2019 23:00,2
4/9/2019 23:00,4
4/9/2019 23:00,2
4/9/2019 23:00,4
4/9/2019 23:00,2
4/10/2019 0:00,3
4/10/2019 0:00,2
4/10/2019 0:00,2
4/10/2019 0:00,8
4/10/2019 12:00,4
4/10/2019 12:00,3
4/10/2019 12:00,2
4/10/2019 12:00,4
4/10/2019 13:00,2
4/10/2019 13:00,3
4/10/2019 14:00,2
4/10/2019 14:00,4
4/10/2019 14:00,2
4/10/2019 15:00,2
4/10/2019 18:00,2
4/10/2019 18:00,2
4/10/2019 18:00,7
4/10/2019 18:00,2
4/10/2019 18:00,2
4/10/2019 18:00,4
4/10/2019 18:00,2
4/10/2019 19:00,5
4/10/2019 19:00,2
4/10/2019 19:00,2
4/10/2019 19:00,4
4/10/2019 19:00,2
4/10/2019 19:00,2
4/10/2019 19:00,2
4/10/2019 19:00,2
4/10/2019 19:00,2
4/10/2019 19:00,2
4/10/2019 20:00,5
4/10/2019 20:00,5
4/10/2019 20:00,3
4/10/2019 20:00,3
4/10/2019 20:00,2
4/10/2019 20:00,2
4/10/2019 20:00,7
4/10/2019 20:00,24
4/10/2019 20:00,2
4/10/2019 20:00,2
4/10/2019 20:00,3
4/10/2019 20:00,3
4/10/2019 20:00,4
4/10/2019 20:00,2
4/10/2019 20:00,4
4/10/2019 21:00,8
4/10/2019 21:00,3
4/10/2019 21:00,3
4/10/2019 21:00,2
4/10/2019 21:00,5
4/10/2019 21:00,2
4/10/2019 21:00,3
4/10/2019 21:00,6
4/10/2019 21:00,2
4/10/2019 21:00,2
4/10/2019 21:00,4
4/10/2019 21:00,2
4/10/2019 22:00,6
4/10/2019 23:00,3
4/10/2019 23:00,3
4/10/2019 23:00,2
4/10/2019 23:00,5
4/10/2019 23:00,2
4/11/2019 0:00,2
4/11/2019 0:00,8
4/11/2019 3:00,50
4/11/2019 13:00,3
4/11/2019 13:00,4
4/11/2019 13:00,2
4/11/2019 13:00,3
4/11/2019 13:00,2
4/11/2019 13:00,4
4/11/2019 18:00,9
4/11/2019 19:00,2
4/11/2019 19:00,2
4/11/2019 19:00,4
4/11/2019 19:00,3
4/11/2019 19:00,3
4/11/2019 19:00,2
4/11/2019 20:00,4
4/11/2019 20:00,2
4/11/2019 20:00,2
4/11/2019 20:00,2
4/11/2019 20:00,2
4/11/2019 20:00,3
4/11/2019 20:00,2
4/11/2019 21:00,2
4/11/2019 21:00,2
4/11/2019 21:00,6
4/11/2019 21:00,2
4/11/2019 21:00,2
4/11/2019 21:00,2
4/11/2019 21:00,2
4/11/2019 21:00,3
4/11/2019 21:00,2
4/11/2019 21:00,3
4/11/2019 21:00,2
4/11/2019 22:00,20
4/11/2019 22:00,2
4/11/2019 22:00,3
4/11/2019 22:00,2
4/11/2019 22:00,3
4/11/2019 23:00,35
4/12/2019 0:00,2
4/12/2019 19:00,2
4/12/2019 19:00,4
4/12/2019 19:00,12
4/12/2019 20:00,10
4/12/2019 20:00,8
4/12/2019 20:00,2
4/12/2019 21:00,2
4/12/2019 22:00,9
4/12/2019 22:00,2
4/12/2019 22:00,3
4/12/2019 23:00,6
4/13/2019 0:00,2
4/13/2019 1:00,3
4/13/2019 17:00,4
4/13/2019 19:00,13
4/13/2019 19:00,3
4/13/2019 19:00,2
4/13/2019 20:00,6
4/13/2019 20:00,2
4/13/2019 20:00,4
4/13/2019 20:00,4
4/13/2019 20:00,2
4/13/2019 21:00,4
4/13/2019 21:00,2
4/13/2019 21:00,2
4/13/2019 21:00,2
4/13/2019 22:00,2
4/13/2019 22:00,3
4/13/2019 23:00,3
4/13/2019 23:00,4
4/14/2019 0:00,6
4/14/2019 18:00,16
4/14/2019 18:00,9
4/14/2019 18:00,3
4/14/2019 18:00,6
4/14/2019 20:00,2
4/14/2019 20:00,37
4/14/2019 20:00,2
4/14/2019 20:00,2
4/14/2019 21:00,2
4/14/2019 21:00,3
4/14/2019 21:00,3
4/14/2019 21:00,2
4/14/2019 21:00,2
4/14/2019 21:00,4
4/14/2019 21:00,2
4/14/2019 22:00,12
4/14/2019 22:00,9
4/14/2019 22:00,5
4/14/2019 22:00,2
4/14/2019 22:00,2
4/14/2019 23:00,3
4/15/2019 0:00,7
4/15/2019 0:00,7
4/15/2019 13:00,3
4/15/2019 19:00,3
4/15/2019 19:00,7
4/15/2019 19:00,3
4/15/2019 19:00,2
4/15/2019 19:00,6
4/15/2019 20:00,10
4/15/2019 20:00,2
4/15/2019 20:00,3
4/15/2019 20:00,5
4/15/2019 21:00,3
4/15/2019 21:00,2
4/15/2019 21:00,3
4/15/2019 21:00,2
4/15/2019 22:00,3
4/15/2019 22:00,2
4/15/2019 23:00,2
4/15/2019 23:00,18
4/15/2019 23:00,2
4/15/2019 23:00,1
4/16/2019 0:00,3
4/16/2019 0:00,5
4/16/2019 13:00,2
4/16/2019 19:00,25
4/16/2019 19:00,9
4/16/2019 19:00,14
4/16/2019 19:00,11
4/16/2019 19:00,4
4/16/2019 19:00,2
4/16/2019 19:00,4
4/16/2019 19:00,2
4/16/2019 20:00,4
4/16/2019 20:00,8
4/16/2019 20:00,7
4/16/2019 20:00,2
4/16/2019 20:00,2
4/16/2019 20:00,12
4/16/2019 20:00,6
4/16/2019 20:00,2
4/16/2019 20:00,2
4/16/2019 20:00,6
4/16/2019 20:00,2
4/16/2019 20:00,2
4/16/2019 21:00,4
4/16/2019 21:00,4
4/16/2019 21:00,2
4/16/2019 21:00,7
4/16/2019 21:00,4
4/16/2019 21:00,4
4/16/2019 21:00,3
4/16/2019 21:00,2
4/16/2019 21:00,8
4/16/2019 21:00,2
4/16/2019 21:00,3
4/16/2019 21:00,4
4/16/2019 21:00,2
4/16/2019 22:00,10
4/16/2019 22:00,9
4/16/2019 22:00,2
4/16/2019 22:00,2
4/16/2019 22:00,3
4/16/2019 23:00,8
4/16/2019 23:00,3
4/16/2019 23:00,4
4/17/2019 0:00,6
4/17/2019 0:00,2
4/17/2019 0:00,4
4/17/2019 0:00,3
4/17/2019 1:00,3
4/17/2019 1:00,4
4/17/2019 1:00,3
4/17/2019 2:00,2
4/17/2019 13:00,3
4/17/2019 13:00,2
4/17/2019 13:00,2
4/17/2019 14:00,4
4/17/2019 18:00,10
4/17/2019 19:00,27
4/17/2019 19:00,50
4/17/2019 19:00,2
4/17/2019 19:00,9
4/17/2019 19:00,2
4/17/2019 19:00,7
4/17/2019 19:00,2
4/17/2019 19:00,2
4/17/2019 19:00,2
4/17/2019 19:00,2
4/17/2019 20:00,15
4/17/2019 20:00,31
4/17/2019 20:00,6
4/17/2019 20:00,2
4/17/2019 20:00,3
4/17/2019 20:00,3
4/17/2019 20:00,7
4/17/2019 20:00,2
4/17/2019 20:00,4
4/17/2019 20:00,2
4/17/2019 20:00,2
4/17/2019 20:00,2
4/17/2019 20:00,2
4/17/2019 20:00,2
4/17/2019 21:00,7
4/17/2019 21:00,4
4/17/2019 21:00,2
4/17/2019 21:00,2
4/17/2019 21:00,3
4/17/2019 22:00,2
4/17/2019 22:00,2
4/17/2019 22:00,2
4/17/2019 22:00,2
4/17/2019 22:00,3
4/17/2019 22:00,2
4/17/2019 22:00,2
4/17/2019 22:00,4
4/17/2019 22:00,6
4/17/2019 22:00,2
4/17/2019 23:00,19
4/17/2019 23:00,23
4/17/2019 23:00,3
4/17/2019 23:00,2
4/18/2019 1:00,4
4/18/2019 1:00,2
4/18/2019 12:00,2
4/18/2019 12:00,2
4/18/2019 13:00,2
4/18/2019 20:00,2
4/18/2019 20:00,2
4/18/2019 20:00,7
4/18/2019 20:00,3
4/18/2019 20:00,2
4/18/2019 20:00,2
4/18/2019 20:00,2
4/18/2019 20:00,2
4/18/2019 20:00,2
4/18/2019 20:00,2
4/18/2019 21:00,7
4/18/2019 21:00,4
4/18/2019 21:00,12
4/18/2019 21:00,2
4/18/2019 21:00,2
4/18/2019 21:00,3
4/18/2019 21:00,2
4/18/2019 21:00,2
4/18/2019 21:00,2
4/18/2019 22:00,5
4/18/2019 22:00,2
4/19/2019 0:00,10
4/19/2019 19:00,8
4/19/2019 19:00,3
4/19/2019 22:00,20
4/19/2019 23:00,2
4/20/2019 15:00,2
4/20/2019 16:00,8
4/20/2019 19:00,4
4/20/2019 19:00,4
4/20/2019 19:00,3
4/20/2019 19:00,9
4/20/2019 20:00,2
4/20/2019 20:00,2
4/20/2019 20:00,2
4/20/2019 20:00,2
4/20/2019 21:00,2
4/20/2019 21:00,5
4/20/2019 21:00,5
4/20/2019 21:00,3
4/20/2019 21:00,4
4/20/2019 21:00,2
4/20/2019 21:00,2
4/20/2019 21:00,7
4/20/2019 21:00,2
4/20/2019 21:00,5
4/20/2019 22:00,4
4/20/2019 22:00,6
4/21/2019 0:00,8
4/21/2019 1:00,4
4/21/2019 19:00,2
4/21/2019 19:00,4
4/21/2019 19:00,2
4/21/2019 19:00,3
4/21/2019 19:00,5
4/21/2019 19:00,2
4/21/2019 19:00,6
4/21/2019 19:00,4
4/21/2019 19:00,2
4/21/2019 19:00,2
4/21/2019 20:00,3
4/21/2019 20:00,4
4/21/2019 20:00,2
4/21/2019 20:00,3
4/21/2019 20:00,3
4/21/2019 21:00,8
4/21/2019 21:00,4
4/21/2019 21:00,2
4/21/2019 22:00,2
4/21/2019 22:00,19
4/21/2019 22:00,2
4/21/2019 22:00,2
4/21/2019 22:00,2
4/21/2019 22:00,2
4/21/2019 22:00,2
4/21/2019 22:00,4
4/21/2019 22:00,2
4/21/2019 23:00,3
4/21/2019 23:00,3
4/21/2019 23:00,2
4/21/2019 23:00,3
4/21/2019 23:00,2
4/22/2019 0:00,3
4/22/2019 15:00,5
4/22/2019 19:00,21
4/22/2019 19:00,4
4/22/2019 19:00,4
4/22/2019 19:00,6
4/22/2019 19:00,1
4/22/2019 20:00,7
4/22/2019 20:00,2
4/22/2019 20:00,2
4/22/2019 20:00,10
4/22/2019 20:00,3
4/22/2019 21:00,9
4/22/2019 21:00,2
4/22/2019 21:00,2
4/22/2019 21:00,2
4/22/2019 21:00,2
4/22/2019 21:00,6
4/22/2019 22:00,2
4/22/2019 23:00,2
4/22/2019 23:00,3
4/22/2019 23:00,6
4/22/2019 23:00,2
4/22/2019 23:00,2
4/23/2019 0:00,4
,
